{
 "ours_100": {
  "SSIM": {
   "00000.png": 0.887931764125824,
   "00001.png": 0.9071357250213623,
   "00003.png": 0.9012945294380188,
   "00004.png": 0.9058727025985718,
   "00002.png": 0.9110483527183533,
   "00005.png": 0.8998249173164368
  },
  "PSNR": {
   "00000.png": 23.774951934814453,
   "00001.png": 25.963468551635742,
   "00003.png": 26.172367095947266,
   "00004.png": 26.228561401367188,
   "00002.png": 26.570865631103516,
   "00005.png": 25.1522274017334
  },
  "LPIPS": {
   "00000.png": 0.16050997376441956,
   "00001.png": 0.14195871353149414,
   "00003.png": 0.16382914781570435,
   "00004.png": 0.15033075213432312,
   "00002.png": 0.14965391159057617,
   "00005.png": 0.13755753636360168
  },
  "VISIBLE_COUNT": {
   "00000.png": 24142,
   "00001.png": 22712,
   "00003.png": 25900,
   "00004.png": 26986,
   "00002.png": 28028,
   "00005.png": 28751
  }
 }
}