{
 "ours_100": {
  "SSIM": 0.9021847248077393,
  "PSNR": 25.643739700317383,
  "LPIPS": 0.15064001083374023
 }
}